INSERT INTO import (id, status, content, contentType, digest, batch, creator, created, updated, message) VALUES
  (-1, 1, 3, 'application/xml', '78C221139BCEDD5B4C84FB6BE985017A', NULL, 'dwtest@example.com', '2017-11-15 02:12:39.720879', '2017-11-15 02:12:39.877145', '34 accommodations processed'),
  (2, 1, 3, 'application/xml', '78C221139BCEDD5B4C84FB6BE985017A', NULL, 'dwtest@example.com', '2017-11-15 02:12:39.720879', '2017-11-15 02:12:39.877145', '34 accommodations processed'),
  (3, 1, 2, 'application/octet-stream', '0E94EEE6735C3EF3E260697F8D5BB6CC', NULL, 'dwtest@example.com', '2017-11-15 02:12:39.770991', '2017-11-15 02:12:39.887250', 'Assessments processed: 3, created: 3, updated: 0, rejected: 0'),
  (4, 1, 4, 'application/octet-stream', 'FD5ABA1FA1C7E01EAEE79AEF302937D9', NULL, 'dwtest@example.com', '2017-11-15 02:12:39.826727', '2017-11-15 02:12:39.858586', '2 schools processed');
INSERT INTO accommodation (id, code, updated)
VALUES (1, 'TDS_ASL0', '2017-12-21 06:36:38.317899'), (2, 'TDS_ASL1', '2017-12-21 06:36:38.317899'),
  (3, 'TDS_ClosedCap0', '2017-12-21 06:36:38.317899'), (4, 'TDS_ClosedCap1', '2017-12-21 06:36:38.317899'),
  (5, 'TDS_BT0', '2017-12-21 06:36:38.317899'), (6, 'TDS_BT_EXN', '2017-12-21 06:36:38.317899'),
  (7, 'TDS_BT_ECN', '2017-12-21 06:36:38.317899'), (8, 'TDS_BT_EXT', '2017-12-21 06:36:38.317899'),
  (9, 'TDS_BT_ECT', '2017-12-21 06:36:38.317899'), (10, 'TDS_BT_UXN', '2017-12-21 06:36:38.317899'),
  (11, 'TDS_BT_UCN', '2017-12-21 06:36:38.317899'), (12, 'TDS_BT_UXT', '2017-12-21 06:36:38.317899'),
  (13, 'TDS_BT_UCT', '2017-12-21 06:36:38.317899'), (14, 'TDS_PM0', '2017-12-21 06:36:38.317899'),
  (15, 'TDS_PM1', '2017-12-21 06:36:38.317899'), (16, 'TDS_PoD0', '2017-12-21 06:36:38.317899'),
  (17, 'TDS_PoD_Stim', '2017-12-21 06:36:38.317899'), (18, 'TDS_PoD_Item', '2017-12-21 06:36:38.317899'),
  (19, 'TDS_PoD_Stim&TDS_PoD_Item', '2017-12-21 06:36:38.317899'), (20, 'TDS_SLM0', '2017-12-21 06:36:38.317899'),
  (21, 'TDS_SLM1', '2017-12-21 06:36:38.317899'), (22, 'TDS_TTS0', '2017-12-21 06:36:38.317899'),
  (23, 'TDS_TTS_Item', '2017-12-21 06:36:38.317899'), (24, 'TDS_TTS_Stim', '2017-12-21 06:36:38.317899'),
  (25, 'TDS_TTS_Stim&TDS_TTS_Item', '2017-12-21 06:36:38.317899'), (26, 'NEA0', '2017-12-21 06:36:38.317899'),
  (27, 'NEA_AR', '2017-12-21 06:36:38.317899'), (28, 'NEA_RA_Stimuli', '2017-12-21 06:36:38.317899'),
  (29, 'NEA_SC_WritItems', '2017-12-21 06:36:38.317899'), (30, 'NEA_STT', '2017-12-21 06:36:38.317899'),
  (31, 'NEA_Abacus', '2017-12-21 06:36:38.317899'), (32, 'NEA_Calc', '2017-12-21 06:36:38.317899'),
  (33, 'NEA_MT', '2017-12-21 06:36:38.317899'), (34, 'NEA_NumTbl', '2017-12-21 06:36:38.317899');
INSERT INTO asmt (id, natural_id, grade_id, type_id, subject_id, school_year, name, label, version, import_id, update_import_id, deleted, created, updated)
VALUES
  (1, '(naturalId)MOCK-ICA-G11-2017-2018', 11, 1, 2, 2018, 'MOCK-ICA-G11-2017-2018', 'Grade 11 ELA', '11111', 3, 3, 0, '2017-11-15 02:12:39.803563', '2017-11-15 02:12:39.803563'),
  (2, '(naturalId)MOCK-IAB-G11M-2017-2018', 11, 2, 1, 2018, 'MOCK-IAB-G11M-2017-2018', 'High School Math Algebra (IAB)', '11111', 3, 3, 0, '2017-11-15 02:12:39.803563', '2017-11-15 02:12:39.803563'),
  (3, '(naturalId)MOCK-IAB-G11E-2017-2018', 11, 2, 2, 2018, 'MOCK-IAB-G11E-2017-2018', 'High School ELA - Read Informational Texts (IAB)', '11111', 3, 3, 0, '2017-11-15 02:12:39.803563', '2017-11-15 02:12:39.803563');
INSERT INTO item (id, claim_id, target_id, natural_id, asmt_id, math_practice, allow_calc, dok_id, difficulty_code, difficulty, max_points, position, field_test, active, type, options_count, answer_key)
VALUES (1, 6, 1120, '777-10001', 1, NULL, NULL, 5, 'M', 0.1, 1, 11, 0, 1, 'MC', 4, 'D'),
  (2, 6, 1107, '777-10002', 1, NULL, NULL, 6, 'M', 0.1, 1, 23, 0, 1, 'MC', 4, 'D'),
  (3, 6, 1133, '777-10003', 1, NULL, NULL, 7, 'M', 0.1, 1, 29, 0, 1, 'MC', 4, 'D'),
  (4, 6, 1133, '777-10004', 1, NULL, NULL, 5, 'M', 0.1, 1, 36, 0, 1, 'MC', 4, 'D'),
  (5, 3, 1029, '777-10005', 1, NULL, NULL, 6, 'M', 0.1, 1, 3, 0, 1, 'MC', 4, 'D'),
  (6, 3, 1029, '777-10006', 1, NULL, NULL, 7, 'M', 0.1, 1, 16, 0, 1, 'MC', 4, 'D'),
  (7, 3, 1029, '777-10007', 1, NULL, NULL, 5, 'M', 0.1, 1, 35, 0, 1, 'MC', 4, 'D'),
  (8, 6, 1107, '777-10008', 1, NULL, NULL, 6, 'M', 0.1, 1, 2, 0, 1, 'MC', 4, 'D'),
  (9, 1, 809, '777-10009', 1, NULL, NULL, 7, 'M', 0.1, 1, 26, 0, 1, 'MC', 4, 'D'),
  (10, 1, 796, '777-10010', 1, NULL, NULL, 7, 'M', 0.1, 1, 25, 0, 1, 'MC', 4, 'D'),
  (11, 8, 7, '777-50001', 2, 7, 0, 2, 'M', 0.1, 1, 3, 0, 1, 'MC', 4, 'D'),
  (12, 8, 8, '777-50002', 2, NULL, 1, 2, 'M', 0.1, 1, 11, 0, 1, 'MC', 4, 'D'),
  (13, 8, 27, '777-50003', 2, 7, 1, 1, 'M', 0.1, 1, 15, 0, 1, 'MI', 4, 'D'),
  (14, 8, 26, '777-50004', 2, 2, 1, 1, 'M', 0.1, 1, 9, 0, 1, 'MI', 4, 'D'),
  (15, 11, 563, '777-50005', 2, 4, 1, 3, 'M', 0.1, 1, 12, 0, 1, 'MC', 4, 'D'),
  (16, 1, 822, '777-51001', 3, NULL, NULL, 6, 'M', 0.1, 1, 3, 0, 1, 'EBSR', 4, 'D'),
  (17, 1, 822, '777-51002', 3, NULL, NULL, 6, 'M', 0.1, 1, 1, 0, 1, 'MC', 4, 'D'),
  (18, 1, 783, '777-51003', 3, NULL, NULL, 7, 'M', 0.1, 1, 2, 0, 1, 'MS', 4, 'D'),
  (19, 1, 796, '777-51004', 3, NULL, NULL, 7, 'M', 0.1, 1, 6, 0, 1, 'MC', 4, 'D'),
  (20, 1, 744, '777-51005', 3, NULL, NULL, 5, 'M', 0.1, 1, 4, 0, 1, 'HTQ', 4, 'D');
INSERT INTO district (id, natural_id, name, external_id) VALUES (1, 'TD000001', 'Test District TD000001', NULL);
INSERT INTO school (id, district_id, natural_id, name, import_id, update_import_id, deleted, created, updated, district_group_id, school_group_id, external_id)
VALUES
  (1, 1, 'TS000001', 'Test School TS000001', 4, 4, 0, '2017-11-15 02:12:39.847327', '2017-11-15 02:12:39.847327', NULL, NULL, NULL),
  (2, 1, 'TS000002', 'Test School TS000002', 4, 4, 0, '2017-11-15 02:12:39.853635', '2017-11-15 02:12:39.853635', NULL, NULL, NULL);
INSERT INTO student (id, ssid, last_or_surname, first_name, middle_name, gender_id, first_entry_into_us_school_at, lep_entry_at, lep_exit_at, birthday, import_id, update_import_id, deleted, created, updated, inferred_school_id)
VALUES
  (1, 'SSID001', 'Williams', 'Gladys', 'Ruth', 2, NULL, NULL, NULL, '2001-06-23', -1, -1, 0, '2017-12-21 06:36:38.710366', '2017-12-21 06:36:39.264071', 2),
  (2, 'SSID002', 'Smith', 'Joe', NULL, 1, NULL, NULL, NULL, '2002-01-23', -1, -1, 0, '2017-12-21 06:36:38.849637', '2017-12-21 06:36:38.849637', 1),
  (3, 'SSID003', 'Anderson', 'Mark', NULL, 2, NULL, NULL, NULL, '2001-07-04', -1, -1, 0, '2017-12-21 06:36:38.893097', '2017-12-21 06:36:38.893097', 2),
  (4, 'SSID004', 'Smart', 'Linda', NULL, 2, NULL, NULL, NULL, '2001-06-23', -1, -1, 0, '2017-12-21 06:36:39.237484', '2017-12-21 06:36:39.237484', 1);
INSERT INTO exam (id, type_id, school_year, asmt_id, asmt_version, opportunity, oppId, completeness_id, administration_condition_id, session_id, scale_score, scale_score_std_err, performance_level, completed_at, import_id, update_import_id, deleted, created, updated, grade_id, student_id, school_id, iep, lep, section504, economic_disadvantage, migrant_status, eng_prof_lvl, t3_program_type, language_code, prim_disability_type, status_date, examinee_id, deliver_mode, hand_score_project, contract, test_reason, assessment_admin_started_at, started_at, force_submitted_at, status, item_count, field_test_count, pause_count, grace_period_restarts, abnormal_starts, test_window_id, test_administrator_id, responsible_organization_name, test_administrator_name, session_platform_user_agent, test_delivery_server, test_delivery_db, window_opportunity_count, theta_score, theta_score_std_err)
VALUES
  (1, 2, 2018, 2, '11111', 5, '100000000010', 2, 3, 'WEL-bd74', 2325.1, 42, 3, '2018-05-01 08:50:00.000000', -1, -1, 0, '2017-12-21 06:36:38.738836', '2017-12-21 06:36:38.968202', 11, 1, 1, 1, 0, 0, 1, NULL, NULL, NULL, NULL, NULL, '2018-05-01 08:50:00.000000', 100000000333, 'online', NULL, 'MOCK', NULL, '2018-05-01', '2018-05-01 08:05:00.000000', NULL, 'scored', 15, 0, 0, 0, 0, 'WINDOW_ID', NULL, 'SBAC', NULL, '', 'ip-10-113-148-45', 'session', NULL, NULL, NULL),
  (2, 1, 2018, 1, '11111', 1, '100000000030', 2, 3, 'MAG-3818', 2100.2, 67, 3, '2018-05-01 08:50:00.000000', -1, -1, 0, '2017-12-21 06:36:38.806553', '2017-12-21 06:36:39.145973', 11, 1, 1, 0, 0, 0, 1, NULL, NULL, NULL, NULL, NULL, '2018-05-01 08:50:00.000000', 100000000333, 'online', NULL, 'MOCK', NULL, '2018-05-01', '2018-05-01 08:05:00.000000', NULL, 'scored', 44, 0, 0, 0, 0, 'WINDOW_ID', NULL, 'SBAC', NULL, '', 'ip-10-113-148-45', 'session', NULL, NULL, NULL),
  (3, 2, 2018, 3, '11111', 5, '100000000040', 2, 3, 'LEE-3bb6', 2395.2, 44, 3, '2018-05-01 08:50:00.000000', -1, -1, 0, '2017-12-21 06:36:38.855900', '2017-12-21 06:36:39.115360', 11, 2, 1, 1, 1, 0, 1, NULL, NULL, NULL, NULL, NULL, '2018-05-01 08:50:00.000000', 100000000333, 'online', NULL, 'MOCK', NULL, '2018-05-01', '2018-05-01 08:05:00.000000', NULL, 'scored', 15, 0, 0, 0, 0, 'WINDOW_ID', NULL, 'SBAC', NULL, '', 'ip-10-113-148-45', 'session', NULL, NULL, NULL),
  (4, 1, 2018, 1, '11111', 2, '100000000050', 2, 2, 'MAG-3818', 2395.2, 67, 3, '2018-05-01 08:50:00.000000', -1, -1, 0, '2017-12-21 06:36:38.898961', '2017-12-21 06:36:39.219757', 11, 3, 2, 0, 0, 0, 1, NULL, NULL, NULL, NULL, NULL, '2018-05-01 08:50:00.000000', 100000000333, 'online', NULL, 'MOCK', NULL, '2018-05-01', '2018-05-01 08:05:00.000000', NULL, 'scored', 44, 0, 0, 0, 0, 'WINDOW_ID', NULL, 'SBAC', NULL, '', 'ip-10-113-148-45', 'session', NULL, NULL, NULL),
  (5, 1, 2018, 1, '11111', 2, '100000000035', 2, 2, 'MAG-3818', 2408.2, 67, 3, '2018-05-03 08:50:00.000000', -1, -1, 0, '2017-12-21 06:36:39.037367', '2017-12-21 06:36:39.037367', 11, 1, 1, 1, 0, 0, 1, NULL, NULL, NULL, NULL, NULL, '2018-05-03 08:50:00.000000', 100000000333, 'online', NULL, 'MOCK', NULL, '2018-05-03', '2018-05-03 08:05:00.000000', NULL, 'scored', 45, 0, 0, 0, 0, 'WINDOW_ID', NULL, 'SBAC', NULL, '', 'ip-10-113-148-45', 'session', NULL, NULL, NULL),
  (6, 1, 2018, 1, '11111', 3, '100000000060', 2, 3, 'MAG-3818', 2491, 67, 3, '2018-05-06 08:50:00.000000', -1, -1, 0, '2017-12-21 06:36:39.173455', '2017-12-21 06:36:39.173455', 11, 1, 2, 1, 1, 0, 1, NULL, NULL, NULL, NULL, NULL, '2018-05-06 08:50:00.000000', 100000000333, 'online', NULL, 'MOCK', NULL, '2018-05-06', '2018-05-06 08:05:00.000000', NULL, 'scored', 44, 0, 0, 0, 0, 'WINDOW_ID', NULL, 'SBAC', NULL, '', 'ip-10-113-148-45', 'session', NULL, NULL, NULL),
  (7, 2, 2018, 3, '11111', 1, '100000000070', 2, 3, 'LEE-3bb6', 2601, 44, 3, '2018-05-06 08:50:00.000000', -1, -1, 0, '2017-12-21 06:36:39.240451', '2017-12-21 06:36:39.240451', 11, 4, 1, 1, 0, 0, 1, NULL, NULL, NULL, NULL, NULL, '2018-05-06 08:50:00.000000', 100000000333, 'online', NULL, 'MOCK', NULL, '2018-05-06', '2018-05-06 08:05:00.000000', NULL, 'scored', 15, 0, 0, 0, 0, 'WINDOW_ID', NULL, 'SBAC', NULL, '', 'ip-10-113-148-45', 'session', NULL, NULL, NULL),
  (8, 2, 2018, 3, '11111', 5, '100000000020', 2, 3, 'LEE-3bb6', 2601, 44, 3, '2018-05-07 08:50:00.000000', -1, -1, 0, '2017-12-21 06:36:39.267195', '2017-12-21 06:36:39.267195', 11, 1, 2, 1, 0, 0, 1, NULL, NULL, NULL, NULL, NULL, '2018-05-07 08:50:00.000000', 100000000333, 'online', NULL, 'MOCK', NULL, '2018-05-07', '2018-05-07 08:05:00.000000', NULL, 'scored', 15, 0, 0, 0, 0, 'WINDOW_ID', NULL, 'SBAC', NULL, '', 'ip-10-113-148-45', 'session', NULL, NULL, NULL),
  (9, 1, 2018, 1, '11111', 2, '100000000080', 2, 2, 'MAG-3818', 2600, 67, 3, '2018-05-07 08:50:00.000000', -1, -1, 0, '2017-12-21 06:36:39.303356', '2017-12-21 06:36:39.303356', 11, 4, 1, 1, 0, 0, 1, NULL, NULL, NULL, NULL, NULL, '2018-05-07 08:50:00.000000', 100000000333, 'online', NULL, 'MOCK', NULL, '2018-05-07', '2018-05-07 08:05:00.000000', NULL, 'scored', 44, 0, 0, 0, 0, 'WINDOW_ID', NULL, 'SBAC', NULL, '', 'ip-10-113-148-45', 'session', NULL, NULL, NULL);
INSERT INTO exam_claim_score (id, exam_id, subject_claim_score_id, scale_score, scale_score_std_err, category, created, theta_score, theta_score_std_err)
VALUES (1, 2, 7, 2501, 42, 3, '2017-12-21 06:36:38.815810', NULL, NULL),
  (2, 2, 5, 2501, 42, 3, '2017-12-21 06:36:38.815810', NULL, NULL),
  (3, 2, 4, 2501, 42, 3, '2017-12-21 06:36:38.815810', NULL, NULL),
  (4, 2, 6, 2501, 42, 3, '2017-12-21 06:36:38.815810', NULL, NULL),
  (5, 4, 7, 2501, 42, 3, '2017-12-21 06:36:38.900711', NULL, NULL),
  (6, 4, 5, 2501, 42, 3, '2017-12-21 06:36:38.900711', NULL, NULL),
  (7, 4, 4, 2501, 42, 3, '2017-12-21 06:36:38.900711', NULL, NULL),
  (8, 4, 6, 2501, 42, 3, '2017-12-21 06:36:38.900711', NULL, NULL),
  (9, 5, 7, NULL, NULL, NULL, '2017-12-21 06:36:39.038937', NULL, NULL),
  (10, 5, 5, NULL, NULL, NULL, '2017-12-21 06:36:39.038937', NULL, NULL),
  (11, 5, 4, NULL, NULL, NULL, '2017-12-21 06:36:39.038937', NULL, NULL),
  (12, 5, 6, NULL, NULL, NULL, '2017-12-21 06:36:39.038937', NULL, NULL),
  (13, 6, 7, NULL, NULL, NULL, '2017-12-21 06:36:39.174769', NULL, NULL),
  (14, 6, 5, NULL, NULL, NULL, '2017-12-21 06:36:39.174769', NULL, NULL),
  (15, 6, 4, 2501, 42, 3, '2017-12-21 06:36:39.174769', NULL, NULL),
  (16, 6, 6, NULL, NULL, NULL, '2017-12-21 06:36:39.174769', NULL, NULL),
  (17, 9, 7, NULL, NULL, NULL, '2017-12-21 06:36:39.304802', NULL, NULL),
  (18, 9, 5, NULL, NULL, NULL, '2017-12-21 06:36:39.304802', NULL, NULL),
  (19, 9, 4, NULL, NULL, NULL, '2017-12-21 06:36:39.304802', NULL, NULL),
  (20, 9, 6, NULL, NULL, NULL, '2017-12-21 06:36:39.304802', NULL, NULL);
INSERT INTO exam_available_accommodation (exam_id, accommodation_id, created)
VALUES (2, 1, '2017-12-21 06:36:38.823019'), (3, 32, '2017-12-21 06:36:38.860382'),
  (4, 32, '2017-12-21 06:36:38.906010'), (4, 3, '2017-12-21 06:36:38.906010'), (1, 33, '2017-12-21 06:36:38.963410'),
  (2, 32, '2017-12-21 06:36:39.004489'), (2, 3, '2017-12-21 06:36:39.004489'), (5, 32, '2017-12-21 06:36:39.045601'),
  (5, 1, '2017-12-21 06:36:39.045601'), (5, 5, '2017-12-21 06:36:39.045601'), (5, 3, '2017-12-21 06:36:39.045601'),
  (2, 14, '2017-12-21 06:36:39.144985'), (6, 32, '2017-12-21 06:36:39.182088'), (6, 1, '2017-12-21 06:36:39.182088'),
  (6, 3, '2017-12-21 06:36:39.182088'), (6, 14, '2017-12-21 06:36:39.182088'), (9, 1, '2017-12-21 06:36:39.307859');
INSERT INTO exam_item (id, exam_id, item_id, score, score_status, position, response, trait_evidence_elaboration_score, trait_evidence_elaboration_score_status, trait_organization_purpose_score, trait_organization_purpose_score_status, trait_conventions_score, trait_conventions_score_status, created, administered_at, submitted, submitted_at, number_of_visits, response_duration, response_content_type, page_number, page_visits, page_time, response_type_id)
VALUES
  (1, 1, 11, 1, 'SCORED', 3, 'A', NULL, NULL, NULL, NULL, NULL, NULL, '2017-12-21 06:36:38.745378', '2018-05-01 08:20:00.000000', 1, '2018-05-01 08:25:00.000000', 1, 10.502, 'text/plain', 1, 1, 10502, 1),
  (2, 1, 12, 0, 'SCORED', 11, 'A', NULL, NULL, NULL, NULL, NULL, NULL, '2017-12-21 06:36:38.745378', '2018-05-01 08:20:00.000000', 1, '2018-05-01 08:25:00.000000', 1, 1.894, 'text/plain', 1, 1, 1894, 1),
  (3, 1, 13, 0, 'SCORED', 15, 'MI response change', NULL, NULL, NULL, NULL, NULL, NULL, '2017-12-21 06:36:38.745378', '2018-05-01 08:20:00.000000', 1, '2018-05-01 08:25:00.000000', 1, 26.45, 'text/plain', 1, 1, 26450, 1),
  (4, 1, 14, 1, 'SCORED', 9, 'MI response', NULL, NULL, NULL, NULL, NULL, NULL, '2017-12-21 06:36:38.745378', '2018-05-01 08:20:00.000000', 1, '2018-05-01 08:25:00.000000', 1, 16.629, 'text/plain', 1, 1, 16629, 1),
  (6, 2, 2, 0, 'SCORED', 23, NULL, NULL, NULL, NULL, NULL, NULL, NULL, '2017-12-21 06:36:38.821739', '2018-05-01 08:20:00.000000', 0, '2018-05-01 08:25:00.000000', 1, 4.028, 'text/plain', 1, 1, 4028, 1),
  (8, 2, 4, 0, 'SCORED', 36, 'A', NULL, NULL, NULL, NULL, NULL, NULL, '2017-12-21 06:36:38.821739', '2018-05-01 08:20:00.000000', 1, '2018-05-01 08:25:00.000000', 1, 5.374, 'text/plain', 1, 1, 5374, 1),
  (9, 2, 5, 0, 'SCORED', 3, 'A', NULL, NULL, NULL, NULL, NULL, NULL, '2017-12-21 06:36:38.821739', '2018-05-01 08:20:00.000000', 1, '2018-05-01 08:25:00.000000', 1, 6.452, 'text/plain', 1, 1, 6452, 1),
  (10, 2, 6, 1, 'SCORED', 16, 'A', NULL, NULL, NULL, NULL, NULL, NULL, '2017-12-21 06:36:38.821739', '2018-05-01 08:20:00.000000', 1, '2018-05-01 08:25:00.000000', 1, 7.468, 'text/plain', 1, 1, 7468, 1),
  (11, 2, 7, 1, 'SCORED', 35, 'C', NULL, NULL, NULL, NULL, NULL, NULL, '2017-12-21 06:36:38.821739', '2018-05-01 08:20:00.000000', 1, '2018-05-01 08:25:00.000000', 1, 3.435, 'text/plain', 1, 1, 3435, 1),
  (12, 2, 8, 1, 'SCORED', 2, 'B', NULL, NULL, NULL, NULL, NULL, NULL, '2017-12-21 06:36:38.821739', '2018-05-01 08:20:00.000000', 1, '2018-05-01 08:25:00.000000', 1, 3.792, 'text/plain', 1, 1, 3792, 1),
  (13, 2, 9, 1, 'SCORED', 26, 'D', NULL, NULL, NULL, NULL, NULL, NULL, '2017-12-21 06:36:38.821739', '2018-05-01 08:20:00.000000', 1, '2018-05-01 08:25:00.000000', 1, 8.708, 'text/plain', 1, 1, 8708, 1),
  (14, 2, 10, 1, 'SCORED', 25, 'B', NULL, NULL, NULL, NULL, NULL, NULL, '2017-12-21 06:36:38.821739', '2018-05-01 08:20:00.000000', 1, '2018-05-01 08:25:00.000000', 1, 5.418, 'text/plain', 1, 1, 5418, 1),
  (15, 3, 16, 1, 'SCORED', 3, 'EBSR response', NULL, NULL, NULL, NULL, NULL, NULL, '2017-12-21 06:36:38.859287', '2018-05-01 08:20:00.000000', 1, '2018-05-01 08:25:00.000000', 1, 49.623, 'text/plain', 1, 1, 49623, 1),
  (16, 3, 17, 0, 'SCORED', 1, 'C', NULL, NULL, NULL, NULL, NULL, NULL, '2017-12-21 06:36:38.859287', '2018-05-01 08:20:00.000000', 1, '2018-05-01 08:25:00.000000', 1, 9.062, 'text/plain', 1, 1, 9062, 1),
  (17, 3, 18, 1, 'SCORED', 2, 'A', NULL, NULL, NULL, NULL, NULL, NULL, '2017-12-21 06:36:38.859287', '2018-05-01 08:20:00.000000', 1, '2018-05-01 08:25:00.000000', 1, 14.301, 'text/plain', 1, 1, 14301, 1),
  (18, 3, 19, 1, 'SCORED', 6, 'D', NULL, NULL, NULL, NULL, NULL, NULL, '2017-12-21 06:36:38.859287', '2018-05-01 08:20:00.000000', 1, '2018-05-01 08:25:00.000000', 1, 5.477, 'text/plain', 1, 1, 5477, 1),
  (19, 3, 20, 0, 'SCORED', 4, 'HTQ response', NULL, NULL, NULL, NULL, NULL, NULL, '2017-12-21 06:36:38.859287', '2018-05-01 08:20:00.000000', 1, '2018-05-01 08:25:00.000000', 1, 41.171, 'text/plain', 1, 1, 41171, 1),
  (21, 4, 2, 0, 'SCORED', 23, NULL, NULL, NULL, NULL, NULL, NULL, NULL, '2017-12-21 06:36:38.904688', '2018-05-01 08:20:00.000000', 0, '2018-05-01 08:25:00.000000', 1, 4.028, 'text/plain', 1, 1, 4028, 1),
  (22, 4, 3, 0, 'SCORED', 29, 'B', NULL, NULL, NULL, NULL, NULL, NULL, '2017-12-21 06:36:38.904688', '2018-05-01 08:20:00.000000', 1, '2018-05-01 08:25:00.000000', 1, 8.361, 'text/plain', 1, 1, 8361, 1),
  (23, 4, 4, 1, 'SCORED', 36, 'C', NULL, NULL, NULL, NULL, NULL, NULL, '2017-12-21 06:36:38.904688', '2018-05-01 08:20:00.000000', 1, '2018-05-01 08:25:00.000000', 1, 5.374, 'text/plain', 1, 1, 5374, 1),
  (24, 4, 5, 1, 'SCORED', 3, 'C', NULL, NULL, NULL, NULL, NULL, NULL, '2017-12-21 06:36:38.904688', '2018-05-01 08:20:00.000000', 1, '2018-05-01 08:25:00.000000', 1, 6.452, 'text/plain', 1, 1, 6452, 1),
  (25, 4, 6, 1, 'SCORED', 16, 'A', NULL, NULL, NULL, NULL, NULL, NULL, '2017-12-21 06:36:38.904688', '2018-05-01 08:20:00.000000', 1, '2018-05-01 08:25:00.000000', 1, 7.468, 'text/plain', 1, 1, 7468, 1),
  (26, 4, 7, 1, 'SCORED', 35, 'C', NULL, NULL, NULL, NULL, NULL, NULL, '2017-12-21 06:36:38.904688', '2018-05-01 08:20:00.000000', 1, '2018-05-01 08:25:00.000000', 1, 3.435, 'text/plain', 1, 1, 3435, 1),
  (27, 4, 8, 1, 'SCORED', 2, 'B', NULL, NULL, NULL, NULL, NULL, NULL, '2017-12-21 06:36:38.904688', '2018-05-01 08:20:00.000000', 1, '2018-05-01 08:25:00.000000', 1, 3.792, 'text/plain', 1, 1, 3792, 1),
  (28, 4, 9, 1, 'SCORED', 26, 'D', NULL, NULL, NULL, NULL, NULL, NULL, '2017-12-21 06:36:38.904688', '2018-05-01 08:20:00.000000', 1, '2018-05-01 08:25:00.000000', 1, 8.708, 'text/plain', 1, 1, 8708, 1),
  (29, 4, 10, 1, 'SCORED', 25, 'B', NULL, NULL, NULL, NULL, NULL, NULL, '2017-12-21 06:36:38.904688', '2018-05-01 08:20:00.000000', 1, '2018-05-01 08:25:00.000000', 1, 5.418, 'text/plain', 1, 1, 5418, 1),
  (30, 2, 1, 1, 'SCORED', 11, 'A', NULL, NULL, NULL, NULL, NULL, NULL, '2017-12-21 06:36:39.003055', '2018-05-01 08:20:00.000000', 1, '2018-05-01 08:25:00.000000', 1, 3.706, 'text/plain', 1, 1, 3706, 1),
  (31, 5, 1, 1, 'SCORED', 11, 'A', NULL, NULL, NULL, NULL, NULL, NULL, '2017-12-21 06:36:39.042376', '2018-05-03 08:20:00.000000', 1, '2018-05-03 08:25:00.000000', 1, 3.706, 'text/plain', 1, 1, 3706, 1),
  (32, 5, 2, 0, 'SCORED', 23, NULL, NULL, NULL, NULL, NULL, NULL, NULL, '2017-12-21 06:36:39.042376', '2018-05-03 08:20:00.000000', 0, '2018-05-03 08:25:00.000000', 1, 4.028, 'text/plain', 1, 1, 4028, 1),
  (33, 5, 3, 1, 'SCORED', 29, 'A', NULL, NULL, NULL, NULL, NULL, NULL, '2017-12-21 06:36:39.042376', '2018-05-03 08:20:00.000000', 1, '2018-05-03 08:25:00.000000', 1, 8.361, 'text/plain', 1, 1, 8361, 1),
  (34, 5, 4, 1, 'SCORED', 36, 'C', NULL, NULL, NULL, NULL, NULL, NULL, '2017-12-21 06:36:39.042376', '2018-05-03 08:20:00.000000', 1, '2018-05-03 08:25:00.000000', 1, 5.374, 'text/plain', 1, 1, 5374, 1),
  (35, 5, 5, 0, 'SCORED', 3, 'A', NULL, NULL, NULL, NULL, NULL, NULL, '2017-12-21 06:36:39.042376', '2018-05-03 08:20:00.000000', 1, '2018-05-03 08:25:00.000000', 1, 6.452, 'text/plain', 1, 1, 6452, 1),
  (36, 5, 6, 1, 'SCORED', 16, 'A', NULL, NULL, NULL, NULL, NULL, NULL, '2017-12-21 06:36:39.042376', '2018-05-03 08:20:00.000000', 1, '2018-05-03 08:25:00.000000', 1, 7.468, 'text/plain', 1, 1, 7468, 1),
  (37, 5, 7, 1, 'SCORED', 35, 'C', NULL, NULL, NULL, NULL, NULL, NULL, '2017-12-21 06:36:39.042376', '2018-05-03 08:20:00.000000', 1, '2018-05-03 08:25:00.000000', 1, 3.435, 'text/plain', 1, 1, 3435, 1),
  (38, 5, 8, 1, 'SCORED', 2, 'B', NULL, NULL, NULL, NULL, NULL, NULL, '2017-12-21 06:36:39.042376', '2018-05-03 08:20:00.000000', 1, '2018-05-03 08:25:00.000000', 1, 3.792, 'text/plain', 1, 1, 3792, 1),
  (39, 5, 9, 1, 'SCORED', 26, 'D', NULL, NULL, NULL, NULL, NULL, NULL, '2017-12-21 06:36:39.042376', '2018-05-03 08:20:00.000000', 1, '2018-05-03 08:25:00.000000', 1, 8.708, 'text/plain', 1, 1, 8708, 1),
  (40, 5, 10, 1, 'SCORED', 25, 'B', NULL, NULL, NULL, NULL, NULL, NULL, '2017-12-21 06:36:39.042376', '2018-05-03 08:20:00.000000', 1, '2018-05-03 08:25:00.000000', 1, 5.418, 'text/plain', 1, 1, 5418, 1),
  (41, 6, 1, 1, 'SCORED', 11, 'A', NULL, NULL, NULL, NULL, NULL, NULL, '2017-12-21 06:36:39.179508', '2018-05-06 08:20:00.000000', 1, '2018-05-06 08:25:00.000000', 1, 3.706, 'text/plain', 1, 1, 3706, 1),
  (42, 6, 2, 0, 'SCORED', 23, NULL, NULL, NULL, NULL, NULL, NULL, NULL, '2017-12-21 06:36:39.179508', '2018-05-06 08:20:00.000000', 0, '2018-05-06 08:25:00.000000', 1, 4.028, 'text/plain', 1, 1, 4028, 1),
  (43, 6, 4, 0, 'SCORED', 36, 'A', NULL, NULL, NULL, NULL, NULL, NULL, '2017-12-21 06:36:39.179508', '2018-05-06 08:20:00.000000', 1, '2018-05-06 08:25:00.000000', 1, 5.374, 'text/plain', 1, 1, 5374, 1),
  (44, 6, 5, 0, 'SCORED', 3, 'A', NULL, NULL, NULL, NULL, NULL, NULL, '2017-12-21 06:36:39.179508', '2018-05-06 08:20:00.000000', 1, '2018-05-06 08:25:00.000000', 1, 6.452, 'text/plain', 1, 1, 6452, 1),
  (45, 6, 6, 1, 'SCORED', 16, 'A', NULL, NULL, NULL, NULL, NULL, NULL, '2017-12-21 06:36:39.179508', '2018-05-06 08:20:00.000000', 1, '2018-05-06 08:25:00.000000', 1, 7.468, 'text/plain', 1, 1, 7468, 1),
  (46, 6, 7, 1, 'SCORED', 35, 'C', NULL, NULL, NULL, NULL, NULL, NULL, '2017-12-21 06:36:39.179508', '2018-05-06 08:20:00.000000', 1, '2018-05-06 08:25:00.000000', 1, 3.435, 'text/plain', 1, 1, 3435, 1),
  (47, 6, 8, 1, 'SCORED', 2, 'B', NULL, NULL, NULL, NULL, NULL, NULL, '2017-12-21 06:36:39.179508', '2018-05-06 08:20:00.000000', 1, '2018-05-06 08:25:00.000000', 1, 3.792, 'text/plain', 1, 1, 3792, 1),
  (48, 6, 9, 1, 'SCORED', 26, 'D', NULL, NULL, NULL, NULL, NULL, NULL, '2017-12-21 06:36:39.179508', '2018-05-06 08:20:00.000000', 1, '2018-05-06 08:25:00.000000', 1, 8.708, 'text/plain', 1, 1, 8708, 1),
  (49, 6, 10, 1, 'SCORED', 25, 'B', NULL, NULL, NULL, NULL, NULL, NULL, '2017-12-21 06:36:39.179508', '2018-05-06 08:20:00.000000', 1, '2018-05-06 08:25:00.000000', 1, 5.418, 'text/plain', 1, 1, 5418, 1),
  (50, 7, 16, 1, 'SCORED', 3, 'EBSR response', NULL, NULL, NULL, NULL, NULL, NULL, '2017-12-21 06:36:39.242332', '2018-05-06 08:20:00.000000', 1, '2018-05-06 08:25:00.000000', 1, 49.623, 'text/plain', 1, 1, 49623, 1),
  (51, 7, 17, 1, 'SCORED', 1, 'B', NULL, NULL, NULL, NULL, NULL, NULL, '2017-12-21 06:36:39.242332', '2018-05-06 08:20:00.000000', 1, '2018-05-06 08:25:00.000000', 1, 9.062, 'text/plain', 1, 1, 9062, 1),
  (52, 7, 18, 0, 'SCORED', 2, 'D', NULL, NULL, NULL, NULL, NULL, NULL, '2017-12-21 06:36:39.242332', '2018-05-06 08:20:00.000000', 1, '2018-05-06 08:25:00.000000', 1, 14.301, 'text/plain', 1, 1, 14301, 1),
  (53, 7, 19, 1, 'SCORED', 6, 'D', NULL, NULL, NULL, NULL, NULL, NULL, '2017-12-21 06:36:39.242332', '2018-05-06 08:20:00.000000', 1, '2018-05-06 08:25:00.000000', 1, 5.477, 'text/plain', 1, 1, 5477, 1),
  (54, 7, 20, 0, 'SCORED', 4, 'HTQ response', NULL, NULL, NULL, NULL, NULL, NULL, '2017-12-21 06:36:39.242332', '2018-05-06 08:20:00.000000', 1, '2018-05-06 08:25:00.000000', 1, 41.171, 'text/plain', 1, 1, 41171, 1),
  (55, 8, 16, 1, 'SCORED', 3, 'EBSR response', NULL, NULL, NULL, NULL, NULL, NULL, '2017-12-21 06:36:39.278040', '2018-05-07 08:20:00.000000', 1, '2018-05-07 08:25:00.000000', 1, 49.623, 'text/plain', 1, 1, 49623, 1),
  (56, 8, 17, 1, 'SCORED', 1, 'B', NULL, NULL, NULL, NULL, NULL, NULL, '2017-12-21 06:36:39.278040', '2018-05-07 08:20:00.000000', 1, '2018-05-07 08:25:00.000000', 1, 9.062, 'text/plain', 1, 1, 9062, 1),
  (57, 8, 18, 0, 'SCORED', 2, 'D', NULL, NULL, NULL, NULL, NULL, NULL, '2017-12-21 06:36:39.278040', '2018-05-07 08:20:00.000000', 1, '2018-05-07 08:25:00.000000', 1, 14.301, 'text/plain', 1, 1, 14301, 1),
  (58, 8, 19, 1, 'SCORED', 6, 'D', NULL, NULL, NULL, NULL, NULL, NULL, '2017-12-21 06:36:39.278040', '2018-05-07 08:20:00.000000', 1, '2018-05-07 08:25:00.000000', 1, 5.477, 'text/plain', 1, 1, 5477, 1),
  (59, 8, 20, 0, 'SCORED', 4, 'HTQ response', NULL, NULL, NULL, NULL, NULL, NULL, '2017-12-21 06:36:39.278040', '2018-05-07 08:20:00.000000', 1, '2018-05-07 08:25:00.000000', 1, 41.171, 'text/plain', 1, 1, 41171, 1),
  (60, 9, 2, 0, 'SCORED', 23, NULL, NULL, NULL, NULL, NULL, NULL, NULL, '2017-12-21 06:36:39.306999', '2018-05-07 08:20:00.000000', 0, '2018-05-07 08:25:00.000000', 1, 4.028, 'text/plain', 1, 1, 4028, 1),
  (61, 9, 3, 1, 'SCORED', 29, 'A', NULL, NULL, NULL, NULL, NULL, NULL, '2017-12-21 06:36:39.306999', '2018-05-07 08:20:00.000000', 1, '2018-05-07 08:25:00.000000', 1, 8.361, 'text/plain', 1, 1, 8361, 1),
  (62, 9, 4, 1, 'SCORED', 36, 'C', NULL, NULL, NULL, NULL, NULL, NULL, '2017-12-21 06:36:39.306999', '2018-05-07 08:20:00.000000', 1, '2018-05-07 08:25:00.000000', 1, 5.374, 'text/plain', 1, 1, 5374, 1),
  (63, 9, 5, 0, 'SCORED', 3, 'A', NULL, NULL, NULL, NULL, NULL, NULL, '2017-12-21 06:36:39.306999', '2018-05-07 08:20:00.000000', 1, '2018-05-07 08:25:00.000000', 1, 6.452, 'text/plain', 1, 1, 6452, 1),
  (64, 9, 6, 1, 'SCORED', 16, 'A', NULL, NULL, NULL, NULL, NULL, NULL, '2017-12-21 06:36:39.306999', '2018-05-07 08:20:00.000000', 1, '2018-05-07 08:25:00.000000', 1, 7.468, 'text/plain', 1, 1, 7468, 1),
  (65, 9, 7, 1, 'SCORED', 35, 'C', NULL, NULL, NULL, NULL, NULL, NULL, '2017-12-21 06:36:39.306999', '2018-05-07 08:20:00.000000', 1, '2018-05-07 08:25:00.000000', 1, 3.435, 'text/plain', 1, 1, 3435, 1),
  (66, 9, 8, 1, 'SCORED', 2, 'B', NULL, NULL, NULL, NULL, NULL, NULL, '2017-12-21 06:36:39.306999', '2018-05-07 08:20:00.000000', 1, '2018-05-07 08:25:00.000000', 1, 3.792, 'text/plain', 1, 1, 3792, 1),
  (67, 9, 9, 1, 'SCORED', 26, 'D', NULL, NULL, NULL, NULL, NULL, NULL, '2017-12-21 06:36:39.306999', '2018-05-07 08:20:00.000000', 1, '2018-05-07 08:25:00.000000', 1, 8.708, 'text/plain', 1, 1, 8708, 1),
  (68, 9, 10, 1, 'SCORED', 25, 'B', NULL, NULL, NULL, NULL, NULL, NULL, '2017-12-21 06:36:39.306999', '2018-05-07 08:20:00.000000', 1, '2018-05-07 08:25:00.000000', 1, 5.418, 'text/plain', 1, 1, 5418, 1);
